{
    "dcat_keyword_sm":[
        "topographic maps"
    ],
    "dcat_theme_sm":[
        "Farming",
        "Biota",
        "Boundaries",
        "Elevation",
        "Imagery and Base Maps",
        "Inland Waters",
        "Transportation"
    ],
    "dct_accessRights_s":"Public",
    "dct_creator_sm":[
        "Land Info (Firm)"
    ],
    "dct_description_sm":[
        "This collection is a composite set of digital versions of source map sheets from two topographic map series in various editions which cover either Trinidad or Tobago at a scale of 1:25,000. The series numbers associated with the sets are Series E 804 (Trinidad) and Series EB410 (Tobago). The source maps were published by the British Directorate of Overseas Surveys and/or the Lands & Surveys Department of Trinidad and Tobago between 1962 and 1978. Land Info, Inc. scanned, cropped, and georeferenced the maps."
    ],
    "dct_format_s":"GeoTIFF",
    "dct_identifier_sm":[
        "https://search.library.berkeley.edu/permalink/01UCS_BER/1thfj9n/alma991085983733806532 "
    ],
    "dct_issued_s":"2005",
    "dct_language_sm":[
        "eng"
    ],
    "dct_publisher_sm":[
        "Trinidad and Tobago. Lands & Surveys Department.",
        "Great Britain. Directorate of Overseas Surveys.",
        "Land Info (Firm)"
    ],
    "dct_rights_sm":[
        "This data is copyrighted by Land Info, Inc. and/or its suppliers. Access is restricted to current UC Berkeley students, staff, and faculty, as well as walk-in users who are physically present on campus at the Earth Sciences & Map Library, who may make all use of the data as is consistent with the Fair Use Provisions of United States and international copyright laws. Authorized Users may transmit to a third party in hard copy or electronically, minimal, insubstantial amounts of the Licensed Materials for personal use or scholarly, educational, or scientific research or professional use but in no case for resale or commercial purposes. Derived works that include the source data must be merged with other value-added data in such a way that the derived work cannot be converted back to the original source data format. Use of this data should include proper source referencing to Land Info, Inc."
    ],
    "dct_spatial_sm":[
        "Trinidad and Tobago",
        "Trinidad",
        "Tobago"
    ],
    "dct_subject_sm":[
        "Trinidad and Tobago"
    ],
    "dct_temporal_sm":[
        "1962-1978"
    ],
    "dct_title_s":"Topographic maps of Trinidad and Tobago 1:25,000, 1962-1978",
    "gbl_dateRange_drsim":[
        "[1962 TO 1978]"
    ],
    "gbl_indexYear_im":[
        1962
    ],
    "gbl_mdModified_dt":"2023-11-30T00:00:00Z",
    "gbl_mdVersion_s":"Aardvark",
    "gbl_resourceClass_sm":[
        "Maps"
    ],
    "gbl_resourceType_sm":[
        "Raster data",
        "Topographic maps",
        "Quadrangle maps",
        "Digital maps"
    ],
    "gbl_wxsIdentifier_s":"s7md86",
    "id":"berkeley-s7md86",
    "schema_provider_s":"University of California Berkeley"
}