{
    "dcat_keyword_sm": [
        "streetlights",
        "safety"
    ],
    "dcat_theme_sm": [
        "Structure",
        "Utilities and Communication"
    ],
    "dct_accessRights_s": "Public",
    "dct_creator_sm": [
        "City of Berkeley"
    ],
    "dct_description_sm": [
        "A point layer showing the locations of streetlights in Berkeley."
    ],
    "dct_format_s": "Shapefile",
    "dct_issued_s": "2016-01-01",
    "dct_publisher_sm": [
        "City of Berkeley"
    ],
    "dct_references_s": "{\"http://www.opengis.net/def/serviceType/ogc/wfs\":\"https://geoservices.lib.berkeley.edu/geoserver/wfs\",\"http://www.opengis.net/def/serviceType/ogc/wms\":\"https://geoservices.lib.berkeley.edu/geoserver/wms\",\"http://www.isotc211.org/schemas/2005/gmd/\":\"https://spatial.lib.berkeley.edu/public/berkeley-fk4cv64r2x/iso19139.xml,\"http://schema.org/downloadUrl\":\"https://spatial.lib.berkeley.edu/public/berkeley-fk4cv64r2x/data.zip}",
    "dct_rights_sm": [
        "No known general use limitations.",
        "Legal constraints?"
    ],
    "dct_spatial_sm": [
        "Berkeley",
        "California"
    ],
    "dct_subject_sm": [
        "Lights"
    ],
    "dct_temporal_sm": [
        "2016"
    ],
    "dct_title_s": "Streetlights of Berkeley",
    "gbl_georeferenced_b": "TRUE",
    "gbl_indexYear_im": [
        "2016"
    ],
    "gbl_mdModified_dt": "2023-10-31T00:00:00Z",
    "gbl_mdVersion_s": "Aardvark",
    "gbl_resourceClass_sm": [
        "Datasets"
    ],
    "gbl_resourceType_sm": [
        "Point data"
    ],
    "gbl_wxsIdentifier_s": "fk4cv64r2x",
    "id": "berkeley-fk4cv64r2x",
    "schema_provider_s": "Berkeley"
}