{
    "dct_format_s":"Shapefile",
    "dct_references_s":"{\"http://www.opengis.net/def/serviceType/ogc/wfs\":\"https://geoservices-secure.lib.berkeley.edu/geoserver/wfs\",\"http://www.opengis.net/def/serviceType/ogc/wms\":\"https://geoservices-secure.lib.berkeley.edu/geoserver/wms\",\"http://www.isotc211.org/schemas/2005/gmd/\":\"https://spatial.lib.berkeley.edu/metadata/berkeley-fk4rj62r8h/iso19139.xml\"http://schema.org/downloadUrl\":\"https://spatial.lib.berkeley.edu/UCB/berkeley-fk4rj62r8h/data.zip]}",
    "gbl_mdModified_dt":"2023-10-09T00:00:00Z",
    "gbl_mdVersion_s":"Aardvark",
    "gbl_resourceType_sm":[
        "Polygon data"
    ],
    "gbl_wxsIdentifier_s":"fk4rj62r8h",
    "id":"berkeley-fk4rj62r8h",
    "schema_provider_s":"Berkeley"
}