{
    "dcat_keyword_sm": [
        "Humboldt County",
        "General Plan",
        "Land Use",
        "Boundaries"
    ],
    "dcat_theme_sm": [
        "Boundaries"
    ],
    "dct_accessRights_s": "Public",
    "dct_creator_sm": [
        "Jerry von Dohlen",
        "Humboldt County Community Development Services -- Advance Planning Division"
    ],
    "dct_description_sm": [
        "This polygonal dataset shows land use boundaries for Humboldt County, California as described in the Humboldt County Framework General Plan (1985).*******This data is a DRAFT version and has not be fully reviewed for spatial or attribute accuracy. Please be sure to check source maps for verification of information**************"
    ],
    "dct_format_s": "Shapefile",
    "dct_issued_s": "2014-09-11",
    "dct_publisher_sm": [
        "Humboldt County Planning & Building Depatment"
    ],
    "dct_references_s": "{\"http://www.opengis.net/def/serviceType/ogc/wfs\":\"https://geoservices.lib.berkeley.edu/geoserver/wfs\",\"http://www.opengis.net/def/serviceType/ogc/wms\":\"https://geoservices.lib.berkeley.edu/geoserver/wms\",\"http://www.isotc211.org/schemas/2005/gmd/\":\"https://spatial.lib.berkeley.edu/public/berkeley-fk4hm6vj5q/iso19139.xml,\"http://schema.org/downloadUrl\":\"https://spatial.lib.berkeley.edu/public/berkeley-fk4hm6vj5q/data.zip}",
    "dct_rights_sm": [
        "Humboldt County Planning &amp; Building Department makes no guarantee of the accuracy or completeness of this data. It has not been fully reviewed for accuracy and is intended to be used for planning purposes only. Humboldt County Planning &amp; Building Department assumes no liability or responsibility in the use, or misuse, of this data. While every effort has been made to assure the accuracy of this information, it should be understood that it does not have the force and effect of law, rule, or regulation. Should any difference or error occur, the law will take precedence.",
        "By Request"
    ],
    "dct_spatial_sm": [
        "Humboldt County"
    ],
    "dct_subject_sm": [
        "Land Use",
        "City Planning"
    ],
    "dct_temporal_sm": [
        "the last decade"
    ],
    "dct_title_s": "1985 General Plan Land Use, Humboldt County, California, 2014",
    "gbl_dateRange_drsim": [
        "[2010 TO 2020]"
    ],
    "gbl_georeferenced_b": "TRUE",
    "gbl_indexYear_im": [
        "2010"
    ],
    "gbl_mdModified_dt": "2023-10-31T00:00:00Z",
    "gbl_mdVersion_s": "Aardvark",
    "gbl_resourceClass_sm": [
        "Datasets"
    ],
    "gbl_resourceType_sm": [
        "Polygon data"
    ],
    "gbl_wxsIdentifier_s": "fk4hm6vj5q",
    "id": "berkeley-fk4hm6vj5q",
    "schema_provider_s": "Berkeley"
}