<?xml version="1.0" encoding="UTF-8"?>
<MD_Metadata xmlns="http://www.isotc211.org/2005/gmd" xmlns:gco="http://www.isotc211.org/2005/gco" xmlns:gts="http://www.isotc211.org/2005/gts" xmlns:srv="http://www.isotc211.org/2005/srv" xmlns:gml="http://www.opengis.net/gml" xmlns:gmx="http://www.isotc211.org/2005/gmx" xmlns:xlink="http://www.w3.org/1999/xlink" xmlns:xsi="http://www.w3.org/2001/XMLSchema-instance">
<fileIdentifier>
<gco:CharacterString>28722/bk0016z0r1d</gco:CharacterString>
</fileIdentifier>
<language>
<LanguageCode codeList="http://www.loc.gov/standards/iso639-2/php/code_list.php" codeListValue="eng" codeSpace="ISO639-2">eng</LanguageCode>
</language>
<characterSet>
<MD_CharacterSetCode codeList="http://www.isotc211.org/2005/resources/Codelist/gmxCodelists.xml#MD_CharacterSetCode" codeListValue="utf8" codeSpace="ISOTC211/19115">utf8</MD_CharacterSetCode>
</characterSet>
<hierarchyLevel>
<MD_ScopeCode codeList="http://www.isotc211.org/2005/resources/Codelist/gmxCodelists.xml#MD_ScopeCode" codeListValue="dataset" codeSpace="ISOTC211/19115">dataset</MD_ScopeCode>
</hierarchyLevel>
<hierarchyLevelName>
<gco:CharacterString>dataset</gco:CharacterString>
</hierarchyLevelName>
<contact>
<CI_ResponsibleParty>
<individualName>
<gco:CharacterString>Jerry von Dohlen</gco:CharacterString>
</individualName>
<organisationName>
<gco:CharacterString>Humboldt County Planning &amp; Building Depatment</gco:CharacterString>
</organisationName>
<positionName>
<gco:CharacterString>GIS Analyst</gco:CharacterString>
</positionName>
<contactInfo>
<CI_Contact>
<phone>
<CI_Telephone>
<voice>
<gco:CharacterString>707-268-3776</gco:CharacterString>
</voice>
<facsimile>
<gco:CharacterString>707-268-3792</gco:CharacterString>
</facsimile>
</CI_Telephone>
</phone>
<address>
<CI_Address>
<deliveryPoint>
<gco:CharacterString>3015 H Street</gco:CharacterString>
</deliveryPoint>
<city>
<gco:CharacterString>Eureka</gco:CharacterString>
</city>
<administrativeArea>
<gco:CharacterString>CA</gco:CharacterString>
</administrativeArea>
<postalCode>
<gco:CharacterString>95501</gco:CharacterString>
</postalCode>
<country>
<Country codeList="http://www.iso.org/iso/country_codes/iso_3166_code_lists.htm" codeListValue="US" codeSpace="ISO3166-1">US</Country>
</country>
<electronicMailAddress>
<gco:CharacterString>jvondohlen@humboldt.ca.us</gco:CharacterString>
</electronicMailAddress>
</CI_Address>
</address>
<hoursOfService>
<gco:CharacterString>M-F 8:30-5:00</gco:CharacterString>
</hoursOfService>
</CI_Contact>
</contactInfo>
<role>
<CI_RoleCode codeList="http://www.isotc211.org/2005/resources/Codelist/gmxCodelists.xml#CI_RoleCode" codeListValue="pointOfContact" codeSpace="ISOTC211/19115">pointOfContact</CI_RoleCode>
</role>
</CI_ResponsibleParty>
</contact>
<contact>
<CI_ResponsibleParty>
<organisationName>
<gco:CharacterString>UC Berkeley Library</gco:CharacterString>
</organisationName>
<positionName>
<gco:CharacterString>GIS Librarian</gco:CharacterString>
</positionName>
<contactInfo>
<CI_Contact>
<phone>
<CI_Telephone>
<voice>
<gco:CharacterString>510-642-2997</gco:CharacterString>
</voice>
</CI_Telephone>
</phone>
<address>
<CI_Address>
<deliveryPoint>
<gco:CharacterString>50 McCone Hall</gco:CharacterString>
</deliveryPoint>
<city>
<gco:CharacterString>Berkeley</gco:CharacterString>
</city>
<administrativeArea>
<gco:CharacterString>CA</gco:CharacterString>
</administrativeArea>
<postalCode>
<gco:CharacterString>94720</gco:CharacterString>
</postalCode>
<country>
<Country codeList="http://www.iso.org/iso/country_codes/iso_3166_code_lists.htm" codeListValue="US" codeSpace="ISO3166-1">US</Country>
</country>
<electronicMailAddress>
<gco:CharacterString>eart@library.berkeley.edu</gco:CharacterString>
</electronicMailAddress>
</CI_Address>
</address>
</CI_Contact>
</contactInfo>
<role>
<CI_RoleCode codeList="http://www.isotc211.org/2005/resources/Codelist/gmxCodelists.xml#CI_RoleCode" codeListValue="pointOfContact" codeSpace="ISOTC211/19115">pointOfContact</CI_RoleCode>
</role>
</CI_ResponsibleParty>
</contact>
<dateStamp>
<gco:Date>2016-10-20</gco:Date>
</dateStamp>
<metadataStandardName>
<gco:CharacterString>ISO 19139 Geographic Information - Metadata - Implementation Specification</gco:CharacterString>
</metadataStandardName>
<metadataStandardVersion>
<gco:CharacterString>2007</gco:CharacterString>
</metadataStandardVersion>
<dataSetURI>
<gco:CharacterString>28722/bk0016z0r1d</gco:CharacterString>
</dataSetURI>
<spatialRepresentationInfo>
<MD_VectorSpatialRepresentation>
<topologyLevel>
<MD_TopologyLevelCode codeList="http://www.isotc211.org/2005/resources/Codelist/gmxCodelists.xml#MD_TopologyLevelCode" codeListValue="geometryOnly" codeSpace="ISOTC211/19115">geometryOnly</MD_TopologyLevelCode>
</topologyLevel>
<geometricObjects>
<MD_GeometricObjects>
<geometricObjectType>
<MD_GeometricObjectTypeCode codeList="http://www.isotc211.org/2005/resources/Codelist/gmxCodelists.xml#MD_GeometricObjectTypeCode" codeListValue="composite" codeSpace="ISOTC211/19115">composite</MD_GeometricObjectTypeCode>
</geometricObjectType>
<geometricObjectCount>
<gco:Integer>2245</gco:Integer>
</geometricObjectCount>
</MD_GeometricObjects>
</geometricObjects>
</MD_VectorSpatialRepresentation>
</spatialRepresentationInfo>
<referenceSystemInfo>
<MD_ReferenceSystem>
<referenceSystemIdentifier>
<RS_Identifier>
<code>
<gco:CharacterString>26741</gco:CharacterString>
</code>
<codeSpace>
<gco:CharacterString>EPSG</gco:CharacterString>
</codeSpace>
<version>
<gco:CharacterString>8.2.6</gco:CharacterString>
</version>
</RS_Identifier>
</referenceSystemIdentifier>
</MD_ReferenceSystem>
</referenceSystemInfo>
<identificationInfo>
<MD_DataIdentification>
<citation>
<CI_Citation>
<title>
<gco:CharacterString>1985 General Plan Land Use, Humboldt County, California, 2014</gco:CharacterString>
</title>
<date>
<CI_Date>
<date>
<gco:Date>2014-09-11</gco:Date>
</date>
<dateType>
<CI_DateTypeCode codeList="http://www.isotc211.org/2005/resources/Codelist/gmxCodelists.xml#CI_DateTypeCode" codeListValue="creation" codeSpace="ISOTC211/19115">creation</CI_DateTypeCode>
</dateType>
</CI_Date>
</date>
<date>
<CI_Date>
<date>
<gco:Date>2014-09-11</gco:Date>
</date>
<dateType>
<CI_DateTypeCode codeList="http://www.isotc211.org/2005/resources/Codelist/gmxCodelists.xml#CI_DateTypeCode" codeListValue="publication" codeSpace="ISOTC211/19115">publication</CI_DateTypeCode>
</dateType>
</CI_Date>
</date>
<date>
<CI_Date>
<date>
<gco:Date>2014-09-24</gco:Date>
</date>
<dateType>
<CI_DateTypeCode codeList="http://www.isotc211.org/2005/resources/Codelist/gmxCodelists.xml#CI_DateTypeCode" codeListValue="revision" codeSpace="ISOTC211/19115">revision</CI_DateTypeCode>
</dateType>
</CI_Date>
</date>
<edition>
<gco:CharacterString>2.1</gco:CharacterString>
</edition>
<citedResponsibleParty>
<CI_ResponsibleParty>
<individualName>
<gco:CharacterString>Jerry von Dohlen</gco:CharacterString>
</individualName>
<organisationName>
<gco:CharacterString>Jerry von Dohlen</gco:CharacterString>
</organisationName>
<positionName>
<gco:CharacterString>GIS Analyst</gco:CharacterString>
</positionName>
<contactInfo>
<CI_Contact>
<address>
<CI_Address>
<deliveryPoint>
<gco:CharacterString>3015 H Street</gco:CharacterString>
</deliveryPoint>
<city>
<gco:CharacterString>Eureka</gco:CharacterString>
</city>
<postalCode>
<gco:CharacterString>95501</gco:CharacterString>
</postalCode>
<country>
<Country codeList="http://www.iso.org/iso/country_codes/iso_3166_code_lists.htm" codeListValue="US" codeSpace="ISO3166-1">US</Country>
</country>
</CI_Address>
</address>
<hoursOfService>
<gco:CharacterString>M-F 8:30-5:00</gco:CharacterString>
</hoursOfService>
</CI_Contact>
</contactInfo>
<role>
<CI_RoleCode codeList="http://www.isotc211.org/2005/resources/Codelist/gmxCodelists.xml#CI_RoleCode" codeListValue="originator" codeSpace="ISOTC211/19115">originator</CI_RoleCode>
</role>
</CI_ResponsibleParty>
</citedResponsibleParty>
<citedResponsibleParty>
<CI_ResponsibleParty>
<organisationName>
<gco:CharacterString>Humboldt County Community Development Services -- Advance Planning Division</gco:CharacterString>
</organisationName>
<contactInfo>
<CI_Contact>
<address>
<CI_Address>
<deliveryPoint>
<gco:CharacterString>3015 H St.</gco:CharacterString>
</deliveryPoint>
<city>
<gco:CharacterString>Eureka</gco:CharacterString>
</city>
<postalCode>
<gco:CharacterString>95501</gco:CharacterString>
</postalCode>
</CI_Address>
</address>
<hoursOfService>
<gco:CharacterString>Monday - Friday 8:00 AM - 5:00 PM</gco:CharacterString>
</hoursOfService>
</CI_Contact>
</contactInfo>
<role>
<CI_RoleCode codeList="http://www.isotc211.org/2005/resources/Codelist/gmxCodelists.xml#CI_RoleCode" codeListValue="originator" codeSpace="ISOTC211/19115">originator</CI_RoleCode>
</role>
</CI_ResponsibleParty>
</citedResponsibleParty>
<citedResponsibleParty>
<CI_ResponsibleParty>
<organisationName>
<gco:CharacterString>Humboldt County Planning &amp; Building Depatment</gco:CharacterString>
</organisationName>
<role>
<CI_RoleCode codeList="http://www.isotc211.org/2005/resources/Codelist/gmxCodelists.xml#CI_RoleCode" codeListValue="publisher" codeSpace="ISOTC211/19115">publisher</CI_RoleCode>
</role>
</CI_ResponsibleParty>
</citedResponsibleParty>
<presentationForm>
<CI_PresentationFormCode codeList="http://www.isotc211.org/2005/resources/Codelist/gmxCodelists.xml#CI_PresentationFormCode" codeListValue="mapDigital" codeSpace="ISOTC211/19115">mapDigital</CI_PresentationFormCode>
</presentationForm>
<otherCitationDetails>
<gco:CharacterString>Downloaded from http://www.humboldtgov.org/276/GIS-Data-Download</gco:CharacterString>
</otherCitationDetails>
</CI_Citation>
</citation>
<abstract>
<gco:CharacterString>This polygonal dataset shows land use boundaries for Humboldt County, California as described in the Humboldt County Framework General Plan (1985).*******This data is a DRAFT version and has not be fully reviewed for spatial or attribute accuracy. Please be sure to check source maps for verification of information**************</gco:CharacterString>
</abstract>
<purpose>
<gco:CharacterString>To be used as a general guide to Framework General Plan (1985) Land Use for Humboldt County, California.</gco:CharacterString>
</purpose>
<credit>
<gco:CharacterString>Community Development Services -- Advance Planning Division. (2014) 1985 General Plan Land Use. Humboldt County, California.</gco:CharacterString>
</credit>
<status>
<MD_ProgressCode codeList="http://www.isotc211.org/2005/resources/Codelist/gmxCodelists.xml#MD_ProgressCode" codeListValue="onGoing" codeSpace="ISOTC211/19115">onGoing</MD_ProgressCode>
</status>
<pointOfContact>
<CI_ResponsibleParty>
<individualName>
<gco:CharacterString>Jerry von Dohlen</gco:CharacterString>
</individualName>
<organisationName>
<gco:CharacterString>Humboldt County Planning &amp; Building Depatment</gco:CharacterString>
</organisationName>
<positionName>
<gco:CharacterString>GIS Analyst</gco:CharacterString>
</positionName>
<contactInfo>
<CI_Contact>
<address>
<CI_Address>
<deliveryPoint>
<gco:CharacterString>3015 H Street</gco:CharacterString>
</deliveryPoint>
<city>
<gco:CharacterString>Eureka</gco:CharacterString>
</city>
<postalCode>
<gco:CharacterString>95501</gco:CharacterString>
</postalCode>
<country>
<Country codeList="http://www.iso.org/iso/country_codes/iso_3166_code_lists.htm" codeListValue="US" codeSpace="ISO3166-1">US</Country>
</country>
</CI_Address>
</address>
<hoursOfService>
<gco:CharacterString>M-F 8:30-5:00</gco:CharacterString>
</hoursOfService>
</CI_Contact>
</contactInfo>
<role>
<CI_RoleCode codeList="http://www.isotc211.org/2005/resources/Codelist/gmxCodelists.xml#CI_RoleCode" codeListValue="pointOfContact" codeSpace="ISOTC211/19115">pointOfContact</CI_RoleCode>
</role>
</CI_ResponsibleParty>
</pointOfContact>
<resourceMaintenance>
<MD_MaintenanceInformation>
<maintenanceAndUpdateFrequency>
<MD_MaintenanceFrequencyCode codeList="http://www.isotc211.org/2005/resources/Codelist/gmxCodelists.xml#MD_MaintenanceFrequencyCode" codeListValue="asNeeded" codeSpace="ISOTC211/19115">asNeeded</MD_MaintenanceFrequencyCode>
</maintenanceAndUpdateFrequency>
<contact>
<CI_ResponsibleParty>
<individualName>
<gco:CharacterString>Jerry von Dohlen</gco:CharacterString>
</individualName>
<organisationName>
<gco:CharacterString>Humboldt County Planning &amp; Building Depatment</gco:CharacterString>
</organisationName>
<positionName>
<gco:CharacterString>GIS Analyst</gco:CharacterString>
</positionName>
<contactInfo>
<CI_Contact>
<phone>
<CI_Telephone>
<voice>
<gco:CharacterString>707-268-3776</gco:CharacterString>
</voice>
<facsimile>
<gco:CharacterString>707-268-3792</gco:CharacterString>
</facsimile>
</CI_Telephone>
</phone>
<address>
<CI_Address>
<deliveryPoint>
<gco:CharacterString>3015 H Street</gco:CharacterString>
</deliveryPoint>
<city>
<gco:CharacterString>Eureka</gco:CharacterString>
</city>
<administrativeArea>
<gco:CharacterString>CA</gco:CharacterString>
</administrativeArea>
<postalCode>
<gco:CharacterString>95501</gco:CharacterString>
</postalCode>
<country>
<Country codeList="http://www.iso.org/iso/country_codes/iso_3166_code_lists.htm" codeListValue="US" codeSpace="ISO3166-1">US</Country>
</country>
<electronicMailAddress>
<gco:CharacterString>jvondohlen@humboldt.ca.us</gco:CharacterString>
</electronicMailAddress>
</CI_Address>
</address>
<hoursOfService>
<gco:CharacterString>M-F 8:30-5:00</gco:CharacterString>
</hoursOfService>
</CI_Contact>
</contactInfo>
<role>
<CI_RoleCode codeList="http://www.isotc211.org/2005/resources/Codelist/gmxCodelists.xml#CI_RoleCode" codeListValue="author" codeSpace="ISOTC211/19115">author</CI_RoleCode>
</role>
</CI_ResponsibleParty>
</contact>
</MD_MaintenanceInformation>
</resourceMaintenance>
<descriptiveKeywords>
<MD_Keywords>
<keyword>
<gco:CharacterString>Humboldt County</gco:CharacterString>
</keyword>
<type>
<MD_KeywordTypeCode codeList="http://www.isotc211.org/2005/resources/Codelist/gmxCodelists.xml#MD_KeywordTypeCode" codeListValue="place" codeSpace="ISOTC211/19115">place</MD_KeywordTypeCode>
</type>
</MD_Keywords>
</descriptiveKeywords>
<descriptiveKeywords>
<MD_Keywords>
<keyword>
<gco:CharacterString>the last decade</gco:CharacterString>
</keyword>
<type>
<MD_KeywordTypeCode codeList="http://www.isotc211.org/2005/resources/Codelist/gmxCodelists.xml#MD_KeywordTypeCode" codeListValue="temporal" codeSpace="ISOTC211/19115">temporal</MD_KeywordTypeCode>
</type>
</MD_Keywords>
</descriptiveKeywords>
<descriptiveKeywords>
<MD_Keywords>
<keyword>
<gco:CharacterString>Land use</gco:CharacterString>
</keyword>
<type>
<MD_KeywordTypeCode codeList="http://www.isotc211.org/2005/resources/Codelist/gmxCodelists.xml#MD_KeywordTypeCode" codeListValue="theme" codeSpace="ISOTC211/19115">theme</MD_KeywordTypeCode>
</type>
</MD_Keywords>
</descriptiveKeywords>
<descriptiveKeywords>
<MD_Keywords>
<keyword>
<gco:CharacterString>City planning</gco:CharacterString>
</keyword>
<type>
<MD_KeywordTypeCode codeList="http://www.isotc211.org/2005/resources/Codelist/gmxCodelists.xml#MD_KeywordTypeCode" codeListValue="theme" codeSpace="ISOTC211/19115">theme</MD_KeywordTypeCode>
</type>
</MD_Keywords>
</descriptiveKeywords>
<descriptiveKeywords>
<MD_Keywords>
<keyword>
<gco:CharacterString>Downloadable Data</gco:CharacterString>
</keyword>
<thesaurusName uuidref="723f6998-058e-11dc-8314-0800200c9a66">
</thesaurusName>
</MD_Keywords>
</descriptiveKeywords>
<resourceConstraints>
<MD_Constraints>
<useLimitation>
<gco:CharacterString>Humboldt County Planning &amp;amp; Building Department makes no guarantee of the accuracy or completeness of this data. It has not been fully reviewed for accuracy and is intended to be used for planning purposes only. Humboldt County Planning &amp;amp; Building Department assumes no liability or responsibility in the use, or misuse, of this data. While every effort has been made to assure the accuracy of this information, it should be understood that it does not have the force and effect of law, rule, or regulation. Should any difference or error occur, the law will take precedence.</gco:CharacterString>
</useLimitation>
</MD_Constraints>
</resourceConstraints>
<resourceConstraints>
<MD_LegalConstraints>
<useLimitation>
<gco:CharacterString>By Request</gco:CharacterString>
</useLimitation>
</MD_LegalConstraints>
</resourceConstraints>
<spatialRepresentationType>
<MD_SpatialRepresentationTypeCode codeList="http://www.isotc211.org/2005/resources/Codelist/gmxCodelists.xml#MD_SpatialRepresentationTypeCode" codeListValue="vector" codeSpace="ISOTC211/19115">vector</MD_SpatialRepresentationTypeCode>
</spatialRepresentationType>
<language>
<LanguageCode codeList="http://www.loc.gov/standards/iso639-2/php/code_list.php" codeListValue="eng" codeSpace="ISO639-2">eng</LanguageCode>
</language>
<characterSet>
<MD_CharacterSetCode codeList="http://www.isotc211.org/2005/resources/Codelist/gmxCodelists.xml#MD_CharacterSetCode" codeListValue="utf8" codeSpace="ISOTC211/19115">utf8</MD_CharacterSetCode>
</characterSet>
<topicCategory>
<MD_TopicCategoryCode>
</MD_TopicCategoryCode>
</topicCategory>
<environmentDescription>
<gco:CharacterString>Microsoft Windows 7 Version 6.1 (Build 7601) Service Pack 1; Esri ArcGIS 10.2.2.3552</gco:CharacterString>
</environmentDescription>
<extent>
<EX_Extent>
<description>
<gco:CharacterString>Humboldt County</gco:CharacterString>
</description>
<geographicElement>
<EX_GeographicBoundingBox>
<extentTypeCode>
<gco:Boolean>true</gco:Boolean>
</extentTypeCode>
<westBoundLongitude>
<gco:Decimal>-124.445666</gco:Decimal>
</westBoundLongitude>
<eastBoundLongitude>
<gco:Decimal>-123.38309</gco:Decimal>
</eastBoundLongitude>
<southBoundLatitude>
<gco:Decimal>39.987514</gco:Decimal>
</southBoundLatitude>
<northBoundLatitude>
<gco:Decimal>41.474443</gco:Decimal>
</northBoundLatitude>
</EX_GeographicBoundingBox>
</geographicElement>
<temporalElement>
<EX_TemporalExtent>
<extent>
<gml:TimeInstant gml:id="IDOF0PIQVBBNZSHTE4IG2GSUENML21FKIE10ZIHGDOWMOHIIBUVR0C">
<gml:timePosition>2014-09-22T00:00:00</gml:timePosition>
</gml:TimeInstant>
</extent>
</EX_TemporalExtent>
</temporalElement>
</EX_Extent>
</extent>
</MD_DataIdentification>
</identificationInfo>
<distributionInfo>
<MD_Distribution>
<distributionFormat>
<MD_Format>
<name>
<gco:CharacterString>Shapefile</gco:CharacterString>
</name>
<version>
<gco:CharacterString>ArcGIS 10.2</gco:CharacterString>
</version>
</MD_Format>
</distributionFormat>
<distributor>
<MD_Distributor>
<distributorContact>
<CI_ResponsibleParty>
<individualName>
<gco:CharacterString>Jerry von Dohlen</gco:CharacterString>
</individualName>
<organisationName>
<gco:CharacterString>UC Berkeley Library</gco:CharacterString>
</organisationName>
<positionName>
<gco:CharacterString>GIS Analyst</gco:CharacterString>
</positionName>
<contactInfo>
<CI_Contact>
<phone>
<CI_Telephone>
<voice>
<gco:CharacterString>(510) 642-2997****</gco:CharacterString>
</voice>
<facsimile>
<gco:CharacterString>707-268-3792</gco:CharacterString>
</facsimile>
</CI_Telephone>
</phone>
<address>
<CI_Address>
<deliveryPoint>
<gco:CharacterString>50 McCone Hall</gco:CharacterString>
</deliveryPoint>
<city>
<gco:CharacterString>Berkeley</gco:CharacterString>
</city>
<administrativeArea>
<gco:CharacterString>CA</gco:CharacterString>
</administrativeArea>
<postalCode>
<gco:CharacterString>94720</gco:CharacterString>
</postalCode>
<country>
<Country codeList="http://www.iso.org/iso/country_codes/iso_3166_code_lists.htm" codeListValue="US" codeSpace="ISO3166-1">US</Country>
</country>
<electronicMailAddress>
<gco:CharacterString>eart@library.berkeley.edu</gco:CharacterString>
</electronicMailAddress>
</CI_Address>
</address>
<hoursOfService>
<gco:CharacterString>M-F 8:30-5:00</gco:CharacterString>
</hoursOfService>
</CI_Contact>
</contactInfo>
<role>
<CI_RoleCode codeList="http://www.isotc211.org/2005/resources/Codelist/gmxCodelists.xml#CI_RoleCode" codeListValue="distributor" codeSpace="ISOTC211/19115">distributor</CI_RoleCode>
</role>
</CI_ResponsibleParty>
</distributorContact>
<distributorFormat>
<MD_Format>
<name>
<gco:CharacterString>Shapefile</gco:CharacterString>
</name>
<version>
<gco:CharacterString>2.1</gco:CharacterString>
</version>
</MD_Format>
</distributorFormat>
<distributorTransferOptions>
<MD_DigitalTransferOptions>
<transferSize>
<gco:Real>4.062</gco:Real>
</transferSize>
</MD_DigitalTransferOptions>
</distributorTransferOptions>
</MD_Distributor>
</distributor>
<distributor>
<MD_Distributor>
<distributorContact>
<CI_ResponsibleParty>
<organisationName>
<gco:CharacterString>UC Berkeley Library</gco:CharacterString>
</organisationName>
<positionName>
<gco:CharacterString>GIS Librarian</gco:CharacterString>
</positionName>
<contactInfo>
<CI_Contact>
<phone>
<CI_Telephone>
<voice>
<gco:CharacterString>510-642-2997</gco:CharacterString>
</voice>
</CI_Telephone>
</phone>
<address>
<CI_Address>
<deliveryPoint>
<gco:CharacterString>50 McCone Hall</gco:CharacterString>
</deliveryPoint>
<city>
<gco:CharacterString>Berkeley</gco:CharacterString>
</city>
<administrativeArea>
<gco:CharacterString>CA</gco:CharacterString>
</administrativeArea>
<postalCode>
<gco:CharacterString>94720</gco:CharacterString>
</postalCode>
<country>
<Country codeList="http://www.iso.org/iso/country_codes/iso_3166_code_lists.htm" codeListValue="US" codeSpace="ISO3166-1">US</Country>
</country>
<electronicMailAddress>
<gco:CharacterString>eart@library.berkeley.edu</gco:CharacterString>
</electronicMailAddress>
</CI_Address>
</address>
</CI_Contact>
</contactInfo>
<role>
<CI_RoleCode codeList="http://www.isotc211.org/2005/resources/Codelist/gmxCodelists.xml#CI_RoleCode" codeListValue="distributor" codeSpace="ISOTC211/19115">distributor</CI_RoleCode>
</role>
</CI_ResponsibleParty>
</distributorContact>
</MD_Distributor>
</distributor>
<transferOptions>
<MD_DigitalTransferOptions>
<transferSize>
<gco:Real>4.085</gco:Real>
</transferSize>
</MD_DigitalTransferOptions>
</transferOptions>
</MD_Distribution>
</distributionInfo>
<dataQualityInfo>
<DQ_DataQuality>
<scope gco:nilReason="missing">
</scope>
<lineage>
<LI_Lineage>
<processStep>
<LI_ProcessStep>
<description>
<gco:CharacterString>Changed file name from "humgplu21sp.shp" to "Humboldt_LandUse_2014.shp"</gco:CharacterString>
</description>
<rationale>
<gco:CharacterString>Date of 2014 assigned based on date published metadata recorded in "Citation" field.</gco:CharacterString>
</rationale>
<dateTime>
<gco:DateTime>2016-10-13T00:00:00</gco:DateTime>
</dateTime>
<processor>
<CI_ResponsibleParty>
<organisationName>
<gco:CharacterString>UC Berkeley Library</gco:CharacterString>
</organisationName>
<positionName>
<gco:CharacterString>GIS Librarian</gco:CharacterString>
</positionName>
<contactInfo>
<CI_Contact>
<phone>
<CI_Telephone>
<voice>
<gco:CharacterString>510-642-2997</gco:CharacterString>
</voice>
</CI_Telephone>
</phone>
<address>
<CI_Address>
<deliveryPoint>
<gco:CharacterString>50 McCone Hall</gco:CharacterString>
</deliveryPoint>
<city>
<gco:CharacterString>Berkeley</gco:CharacterString>
</city>
<administrativeArea>
<gco:CharacterString>CA</gco:CharacterString>
</administrativeArea>
<postalCode>
<gco:CharacterString>94720</gco:CharacterString>
</postalCode>
<country>
<Country codeList="http://www.iso.org/iso/country_codes/iso_3166_code_lists.htm" codeListValue="US" codeSpace="ISO3166-1">US</Country>
</country>
<electronicMailAddress>
<gco:CharacterString>eart@library.berkeley.edu</gco:CharacterString>
</electronicMailAddress>
</CI_Address>
</address>
</CI_Contact>
</contactInfo>
<role>
<CI_RoleCode codeList="http://www.isotc211.org/2005/resources/Codelist/gmxCodelists.xml#CI_RoleCode" codeListValue="processor" codeSpace="ISOTC211/19115">processor</CI_RoleCode>
</role>
</CI_ResponsibleParty>
</processor>
</LI_ProcessStep>
</processStep>
</LI_Lineage>
</lineage>
</DQ_DataQuality>
</dataQualityInfo>
<metadataMaintenance>
<MD_MaintenanceInformation>
<maintenanceAndUpdateFrequency>
<MD_MaintenanceFrequencyCode codeList="http://www.isotc211.org/2005/resources/Codelist/gmxCodelists.xml#MD_MaintenanceFrequencyCode" codeListValue="asNeeded" codeSpace="ISOTC211/19115">asNeeded</MD_MaintenanceFrequencyCode>
</maintenanceAndUpdateFrequency>
<contact>
<CI_ResponsibleParty>
<individualName>
<gco:CharacterString>Jerry von Dohlen</gco:CharacterString>
</individualName>
<organisationName>
<gco:CharacterString>Humboldt County Planning &amp; Building Depatment</gco:CharacterString>
</organisationName>
<positionName>
<gco:CharacterString>GIS Analyst</gco:CharacterString>
</positionName>
<contactInfo>
<CI_Contact>
<phone>
<CI_Telephone>
<voice>
<gco:CharacterString>707-268-3776</gco:CharacterString>
</voice>
<facsimile>
<gco:CharacterString>707-268-3792</gco:CharacterString>
</facsimile>
</CI_Telephone>
</phone>
<address>
<CI_Address>
<deliveryPoint>
<gco:CharacterString>3015 H Street</gco:CharacterString>
</deliveryPoint>
<city>
<gco:CharacterString>Eureka</gco:CharacterString>
</city>
<administrativeArea>
<gco:CharacterString>CA</gco:CharacterString>
</administrativeArea>
<postalCode>
<gco:CharacterString>95501</gco:CharacterString>
</postalCode>
<country>
<Country codeList="http://www.iso.org/iso/country_codes/iso_3166_code_lists.htm" codeListValue="US" codeSpace="ISO3166-1">US</Country>
</country>
<electronicMailAddress>
<gco:CharacterString>jvondohlen@humboldt.ca.us</gco:CharacterString>
</electronicMailAddress>
</CI_Address>
</address>
<hoursOfService>
<gco:CharacterString>M-F 8:30-5:00</gco:CharacterString>
</hoursOfService>
</CI_Contact>
</contactInfo>
<role>
<CI_RoleCode codeList="http://www.isotc211.org/2005/resources/Codelist/gmxCodelists.xml#CI_RoleCode" codeListValue="pointOfContact" codeSpace="ISOTC211/19115">pointOfContact</CI_RoleCode>
</role>
</CI_ResponsibleParty>
</contact>
</MD_MaintenanceInformation>
</metadataMaintenance>
</MD_Metadata>
