{
    "dcat_bbox": "ENVELOPE(81.65807911437196,124.32860952824313,55.584510699722344,36.505516324575886)",
    "dcat_keyword_sm": [
        "World War II"
    ],
    "dcat_theme_sm": [
        "Boundaries"
    ],
    "dct_accessRights_s": "Public",
    "dct_creator_sm": [
        "Susan Powell"
    ],
    "dct_description_sm": [
        "A cropped and georeferenced version of a scan of a physical paper map in the collection of the UC Berkeley Library."
    ],
    "dct_format_s": "GeoTIFF",
    "dct_identifier_sm": [
        "MMSID: 991044422029706532"
    ],
    "dct_issued_s": "2023",
    "dct_language_sm": [
        "eng"
    ],
    "dct_license_sm": [
        "https://creativecommons.org/licenses/by/4.0/"
    ],
    "dct_publisher_sm": [
        "UC Berkeley Library"
    ],
    "dct_references_s": "{\"http://www.opengis.net/def/serviceType/ogc/wfs\":\"https://geoservices.lib.berkeley.edu/geoserver/wfs\",\"http://www.opengis.net/def/serviceType/ogc/wms\":\"https://geoservices.lib.berkeley.edu/geoserver/wms\",\"http://www.isotc211.org/schemas/2005/gmd/\":\"https://spatial.lib.berkeley.edu/public/berkeley-fk4mk7zb4q/iso19139.xml\",\"http://schema.org/downloadUrl\":\"https://spatial.lib.berkeley.edu/public/berkeley-fk4mk7zb4q/data.zip\"}",
    "dct_rights_sm": [
        "This work is in the Public Domain, meaning that it is not subject to copyright."
    ],
    "dct_spatial_sm": [
        "Mongolia",
        "Tuva"
    ],
    "dct_subject_sm": [
        "Administrative Boundaries"
    ],
    "dct_temporal_sm": [
        "World War Two"
    ],
    "dct_title_s": "Outer Mongolia and Tannu Tuva",
    "gbl_displayNote_sm": [
        "Info: This map was cropped from its original version."
    ],
    "gbl_fileSize_s": "82.1",
    "gbl_georeferenced_b": true,
    "gbl_indexYear_im": [
        1943
    ],
    "gbl_mdModified_dt": "2023-12-12T00:00:00Z",
    "gbl_mdVersion_s": "Aardvark",
    "gbl_resourceClass_sm": [
        "Maps"
    ],
    "gbl_resourceType_sm": [
        "Raster data",
        "Political maps"
    ],
    "gbl_wxsIdentifier_s": "fk4mk7zb4q",
    "id": "berkeley-fk4mk7zb4q",
    "locn_geometry": "ENVELOPE(81.65807911437196,124.32860952824313,55.584510699722344,36.505516324575886)",
    "pcdm_memberOf_sm": [
        "s7vx1w"
    ],
    "schema_provider_s": "University of California Berkeley"
}