<?xml version="1.0" encoding="UTF-8"?>
<MD_Metadata xmlns="http://www.isotc211.org/2005/gmd" xmlns:gco="http://www.isotc211.org/2005/gco" xmlns:gts="http://www.isotc211.org/2005/gts" xmlns:srv="http://www.isotc211.org/2005/srv" xmlns:gml="http://www.opengis.net/gml" xmlns:gmx="http://www.isotc211.org/2005/gmx" xmlns:xlink="http://www.w3.org/1999/xlink" xmlns:xsi="http://www.w3.org/2001/XMLSchema-instance">
<language>
<LanguageCode codeList="http://www.loc.gov/standards/iso639-2/php/code_list.php" codeListValue="eng" codeSpace="ISO639-2">eng</LanguageCode>
</language>
<characterSet>
<MD_CharacterSetCode codeList="http://www.isotc211.org/2005/resources/Codelist/gmxCodelists.xml#MD_CharacterSetCode" codeListValue="utf8" codeSpace="ISOTC211/19115">utf8</MD_CharacterSetCode>
</characterSet>
<hierarchyLevel>
<MD_ScopeCode codeList="http://www.isotc211.org/2005/resources/Codelist/gmxCodelists.xml#MD_ScopeCode" codeListValue="dataset" codeSpace="ISOTC211/19115">dataset</MD_ScopeCode>
</hierarchyLevel>
<hierarchyLevelName>
<gco:CharacterString>dataset</gco:CharacterString>
</hierarchyLevelName>
<contact gco:nilReason="missing">
</contact>
<dateStamp>
<gco:Date>2023-12-12</gco:Date>
</dateStamp>
<metadataStandardName>
<gco:CharacterString>ISO 19139 Geographic Information - Metadata - Implementation Specification</gco:CharacterString>
</metadataStandardName>
<metadataStandardVersion>
<gco:CharacterString>2007</gco:CharacterString>
</metadataStandardVersion>
<spatialRepresentationInfo>
<MD_Georectified>
<numberOfDimensions>
<gco:Integer>2</gco:Integer>
</numberOfDimensions>
<axisDimensionProperties>
<MD_Dimension>
<dimensionName>
<MD_DimensionNameTypeCode codeList="http://www.isotc211.org/2005/resources/Codelist/gmxCodelists.xml#MD_DimensionNameTypeCode" codeListValue="column" codeSpace="ISOTC211/19115">column</MD_DimensionNameTypeCode>
</dimensionName>
<dimensionSize>
<gco:Integer>10742</gco:Integer>
</dimensionSize>
<resolution>
<gco:Measure uom="deg">0.003972</gco:Measure>
</resolution>
</MD_Dimension>
</axisDimensionProperties>
<axisDimensionProperties>
<MD_Dimension>
<dimensionName>
<MD_DimensionNameTypeCode codeList="http://www.isotc211.org/2005/resources/Codelist/gmxCodelists.xml#MD_DimensionNameTypeCode" codeListValue="row" codeSpace="ISOTC211/19115">row</MD_DimensionNameTypeCode>
</dimensionName>
<dimensionSize>
<gco:Integer>4803</gco:Integer>
</dimensionSize>
<resolution>
<gco:Measure uom="deg">0.003972</gco:Measure>
</resolution>
</MD_Dimension>
</axisDimensionProperties>
<cellGeometry>
<MD_CellGeometryCode codeList="http://www.isotc211.org/2005/resources/Codelist/gmxCodelists.xml#MD_CellGeometryCode" codeListValue="area" codeSpace="ISOTC211/19115">area</MD_CellGeometryCode>
</cellGeometry>
<transformationParameterAvailability>
<gco:Boolean>true</gco:Boolean>
</transformationParameterAvailability>
<checkPointAvailability>
<gco:Boolean>false</gco:Boolean>
</checkPointAvailability>
<cornerPoints>
<gml:Point gml:id="IDR4NQ4LNN2PKCILDUMKVPVJQLSPINPJHNMBLLPSK4T5NGFXBQEZCP">
<gml:pos>81.658079 36.505516</gml:pos>
</gml:Point>
</cornerPoints>
<cornerPoints>
<gml:Point gml:id="IDETK5NJC4WQV4MDT1GWWFC4DLQDAOOQQ4CHDTZVJLAQJBAAIRQA5H">
<gml:pos>81.658079 55.584511</gml:pos>
</gml:Point>
</cornerPoints>
<cornerPoints>
<gml:Point gml:id="IDIKFYIAG3CAB4LIZKMPT4W4ECWMWPMM03YU4PQWGMX0N2ETT2U2MC">
<gml:pos>124.328610 55.584511</gml:pos>
</gml:Point>
</cornerPoints>
<cornerPoints>
<gml:Point gml:id="IDWFO1D04FTVDGEYFDGC3CGUW2XG2H3ZMFXZCAPOO3JSGV4OXMI5QE">
<gml:pos>124.328610 36.505516</gml:pos>
</gml:Point>
</cornerPoints>
<centerPoint>
<gml:Point gml:id="IDX2V5M0RGZL2WIVEU0OFM0FK1FJGESCRROJJTM5NWQCLPIRXU4RBN">
<gml:pos>102.993344 46.045014</gml:pos>
</gml:Point>
</centerPoint>
<pointInPixel>
<MD_PixelOrientationCode>center</MD_PixelOrientationCode>
</pointInPixel>
</MD_Georectified>
</spatialRepresentationInfo>
<referenceSystemInfo>
<MD_ReferenceSystem>
<referenceSystemIdentifier>
<RS_Identifier>
<code>
<gco:CharacterString>4326</gco:CharacterString>
</code>
<codeSpace>
<gco:CharacterString>EPSG</gco:CharacterString>
</codeSpace>
<version>
<gco:CharacterString>6.2(3.0.1)</gco:CharacterString>
</version>
</RS_Identifier>
</referenceSystemIdentifier>
</MD_ReferenceSystem>
</referenceSystemInfo>
<identificationInfo>
<MD_DataIdentification>
<citation>
<CI_Citation>
<title>
<gco:CharacterString>Outer Mongolia and Tannu Tuva</gco:CharacterString>
</title>
<date>
<CI_Date>
<date>
<gco:Date>2023-01-01</gco:Date>
</date>
<dateType>
<CI_DateTypeCode codeList="http://www.isotc211.org/2005/resources/Codelist/gmxCodelists.xml#CI_DateTypeCode" codeListValue="publication" codeSpace="ISOTC211/19115">publication</CI_DateTypeCode>
</dateType>
</CI_Date>
</date>
<citedResponsibleParty>
<CI_ResponsibleParty>
<organisationName>
<gco:CharacterString>UC Berkeley Library</gco:CharacterString>
</organisationName>
<role>
<CI_RoleCode codeList="http://www.isotc211.org/2005/resources/Codelist/gmxCodelists.xml#CI_RoleCode" codeListValue="publisher" codeSpace="ISOTC211/19115">publisher</CI_RoleCode>
</role>
</CI_ResponsibleParty>
</citedResponsibleParty>
<citedResponsibleParty>
<CI_ResponsibleParty>
<organisationName>
<gco:CharacterString>Susan Powell</gco:CharacterString>
</organisationName>
<role>
<CI_RoleCode codeList="http://www.isotc211.org/2005/resources/Codelist/gmxCodelists.xml#CI_RoleCode" codeListValue="originator" codeSpace="ISOTC211/19115">originator</CI_RoleCode>
</role>
</CI_ResponsibleParty>
</citedResponsibleParty>
<presentationForm>
<CI_PresentationFormCode codeList="http://www.isotc211.org/2005/resources/Codelist/gmxCodelists.xml#CI_PresentationFormCode" codeListValue="mapDigital" codeSpace="ISOTC211/19115">mapDigital</CI_PresentationFormCode>
</presentationForm>
<collectiveTitle>
<gco:CharacterString>s7vx1w</gco:CharacterString>
</collectiveTitle>
</CI_Citation>
</citation>
<abstract>
<gco:CharacterString>A cropped and georeferenced version of a scan of a physical paper map in the collection of the UC Berkeley Library.</gco:CharacterString>
</abstract>
<descriptiveKeywords>
<MD_Keywords>
<keyword>
<gco:CharacterString>Mongolia</gco:CharacterString>
</keyword>
<type>
<MD_KeywordTypeCode codeList="http://www.isotc211.org/2005/resources/Codelist/gmxCodelists.xml#MD_KeywordTypeCode" codeListValue="place" codeSpace="ISOTC211/19115">place</MD_KeywordTypeCode>
</type>
</MD_Keywords>
</descriptiveKeywords>
<descriptiveKeywords>
<MD_Keywords>
<keyword>
<gco:CharacterString>Tuva</gco:CharacterString>
</keyword>
<type>
<MD_KeywordTypeCode codeList="http://www.isotc211.org/2005/resources/Codelist/gmxCodelists.xml#MD_KeywordTypeCode" codeListValue="place" codeSpace="ISOTC211/19115">place</MD_KeywordTypeCode>
</type>
</MD_Keywords>
</descriptiveKeywords>
<descriptiveKeywords>
<MD_Keywords>
<keyword>
<gco:CharacterString>World War Two</gco:CharacterString>
</keyword>
<type>
<MD_KeywordTypeCode codeList="http://www.isotc211.org/2005/resources/Codelist/gmxCodelists.xml#MD_KeywordTypeCode" codeListValue="temporal" codeSpace="ISOTC211/19115">temporal</MD_KeywordTypeCode>
</type>
</MD_Keywords>
</descriptiveKeywords>
<descriptiveKeywords>
<MD_Keywords>
<keyword>
<gco:CharacterString>Administrative boundaries</gco:CharacterString>
</keyword>
<type>
<MD_KeywordTypeCode codeList="http://www.isotc211.org/2005/resources/Codelist/gmxCodelists.xml#MD_KeywordTypeCode" codeListValue="theme" codeSpace="ISOTC211/19115">theme</MD_KeywordTypeCode>
</type>
</MD_Keywords>
</descriptiveKeywords>
<resourceConstraints>
<MD_Constraints>
<useLimitation>
<gco:CharacterString>This work is in the Public Domain, meaning that it is not subject to copyright.</gco:CharacterString>
</useLimitation>
</MD_Constraints>
</resourceConstraints>
<spatialRepresentationType>
<MD_SpatialRepresentationTypeCode codeList="http://www.isotc211.org/2005/resources/Codelist/gmxCodelists.xml#MD_SpatialRepresentationTypeCode" codeListValue="grid" codeSpace="ISOTC211/19115">grid</MD_SpatialRepresentationTypeCode>
</spatialRepresentationType>
<language>
<LanguageCode codeList="http://www.loc.gov/standards/iso639-2/php/code_list.php" codeListValue="eng" codeSpace="ISO639-2">eng</LanguageCode>
</language>
<characterSet>
<MD_CharacterSetCode codeList="http://www.isotc211.org/2005/resources/Codelist/gmxCodelists.xml#MD_CharacterSetCode" codeListValue="utf8" codeSpace="ISOTC211/19115">utf8</MD_CharacterSetCode>
</characterSet>
<topicCategory>
<MD_TopicCategoryCode>
</MD_TopicCategoryCode>
</topicCategory>
<environmentDescription>
<gco:CharacterString>Microsoft Windows 10 Version 10.0 (Build 19044) ; Esri ArcGIS 13.2.0.49743</gco:CharacterString>
</environmentDescription>
<extent>
<EX_Extent>
<geographicElement>
<EX_GeographicBoundingBox>
<extentTypeCode>
<gco:Boolean>true</gco:Boolean>
</extentTypeCode>
<westBoundLongitude>
<gco:Decimal>81.658079</gco:Decimal>
</westBoundLongitude>
<eastBoundLongitude>
<gco:Decimal>124.32861</gco:Decimal>
</eastBoundLongitude>
<southBoundLatitude>
<gco:Decimal>36.505516</gco:Decimal>
</southBoundLatitude>
<northBoundLatitude>
<gco:Decimal>55.584511</gco:Decimal>
</northBoundLatitude>
</EX_GeographicBoundingBox>
</geographicElement>
</EX_Extent>
</extent>
</MD_DataIdentification>
</identificationInfo>
<contentInfo>
<MD_ImageDescription>
<attributeDescription gco:nilReason="missing">
</attributeDescription>
<contentType>
<MD_CoverageContentTypeCode codeList="http://www.isotc211.org/2005/resources/Codelist/gmxCodelists.xml#MD_CoverageContentTypeCode" codeListValue="image" codeSpace="ISOTC211/19115">image</MD_CoverageContentTypeCode>
</contentType>
<dimension>
<MD_Band>
<descriptor>
<gco:CharacterString>Band_1</gco:CharacterString>
</descriptor>
<maxValue>
<gco:Real>238</gco:Real>
</maxValue>
<minValue>
<gco:Real>57</gco:Real>
</minValue>
<units>
<gml:UnitDefinition gml:id="IDJHWHTRMYG0TBDXY21STXZIFQUGOTN30Y2CSWB1R5UKD2EY50HE">
<gml:identifier codeSpace="GML_UomSymbol">Unified Code of Units of Measure</gml:identifier>
</gml:UnitDefinition>
</units>
<bitsPerValue>
<gco:Integer>16</gco:Integer>
</bitsPerValue>
</MD_Band>
</dimension>
</MD_ImageDescription>
</contentInfo>
<distributionInfo>
<MD_Distribution>
<distributionFormat>
<MD_Format>
<name>
<gco:CharacterString>Raster Dataset</gco:CharacterString>
</name>
<version gco:nilReason="missing">
</version>
</MD_Format>
</distributionFormat>
<distributor>
<MD_Distributor>
<distributorContact>
<CI_ResponsibleParty>
<organisationName>
<gco:CharacterString>UC Berkeley Library</gco:CharacterString>
</organisationName>
<contactInfo>
<CI_Contact>
<phone>
<CI_Telephone>
<voice>
<gco:CharacterString>(510) 642-2997****</gco:CharacterString>
</voice>
</CI_Telephone>
</phone>
<address>
<CI_Address>
<deliveryPoint>
<gco:CharacterString>50 McCone Hall</gco:CharacterString>
</deliveryPoint>
<city>
<gco:CharacterString>Berkeley</gco:CharacterString>
</city>
<administrativeArea>
<gco:CharacterString>CA</gco:CharacterString>
</administrativeArea>
<postalCode>
<gco:CharacterString>94720</gco:CharacterString>
</postalCode>
<country>
<Country codeList="http://www.iso.org/iso/country_codes/iso_3166_code_lists.htm" codeListValue="US" codeSpace="ISO3166-1">US</Country>
</country>
<electronicMailAddress>
<gco:CharacterString>eart@library.berkeley.edu</gco:CharacterString>
</electronicMailAddress>
</CI_Address>
</address>
</CI_Contact>
</contactInfo>
<role>
<CI_RoleCode codeList="http://www.isotc211.org/2005/resources/Codelist/gmxCodelists.xml#CI_RoleCode" codeListValue="distributor" codeSpace="ISOTC211/19115">distributor</CI_RoleCode>
</role>
</CI_ResponsibleParty>
</distributorContact>
</MD_Distributor>
</distributor>
</MD_Distribution>
</distributionInfo>
</MD_Metadata>
