{
    "dct_title_s": "Test document: docx file",
    "dct_alternative_sm": [
        "City Boundaries, Butte County, California"
    ],
    "dct_description_sm": [
        "This dataset contains point features that show where centerlines intersect in San Benito County, California in 2016."
    ],
    "dct_language_sm": "eng",
    "dct_publisher_sm": [
        "San Benito County (Calif.) -- Information Technology"
    ],
    "schema_provider_s": "Berkeley",
    "gbl_resourceClass_sm": [
        "Datasets1"
    ],
    "gbl_resourceType_sm": [
        "Point Data1"
    ],
    "dcat_keyword_sm": [
        "Transportation",
        "Roads--interchanges and Intersections"
    ],
    "dct_issued_s": "2016-05-12",
    "gbl_indexYear_im": [
        201611
    ],
    "dct_spatial_sm": [
        "San Benito County (Calif.)"
    ],
    "locn_geometry": "ENVELOPE(-121.647244, -120.61654, 36.991453, 36.180115)",
    "dct_accessRights_s": "Public",
    "dct_format_s": "Shapefile",
    "gbl_wxsIdentifier_s": "s70000",
    "dct_references_s": "{\"http://www.opengis.net/def/serviceType/ogc/wfs\":\"https://geoservices.lib.berkeley.edu/geoserver/wfs\",\"http://www.opengis.net/def/serviceType/ogc/wms\":\"https://geoservices.lib.berkeley.edu/geoserver/wms\",\"http://www.isotc211.org/schemas/2005/gmd/\":\"https://spatial.ucblib.org/metadata/berkeley-s7038h/iso19139.xml\",\"http://schema.org/downloadUrl\":\"https://spatial.ucblib.org/public/berkeley-s7038h/data.zip\",\"http://lccn.loc.gov/sh85035852\":\"https://spatial.ucblib.org/public/berkeley-s7038h/x.docx\"}",
    "id": "berkeley-s70000",
    "dct_identifier_sm": [
        "https://spatial.ucblib.org/viewpublic/berkeley-s70000"
    ],
    "gbl_mdModified_dt": "2018-02-23T23:34:35.206Z",
    "gbl_mdVersion_s": "Aardvark",
    "gbl_displayNote_sm": [
        "This is a generic note about the resource that may be useful to users of this data.",
        "Danger: This document is highly flammable.",
        "Info: This dataset represents the buildings before they were destroyed by the Curse of Megaboz.",
        "Tip: Be sure to look in the mailbox outside the white house.",
        "Warning: This data is fictional."
    ]
}