{
    "dcat_bbox": "ENVELOPE(-120.99564866418167,-120.01785436599394,38.50988024920846,37.83291102441434)",
    "dcat_keyword_sm": [
        "Community Areas"
    ],
    "dcat_theme_sm": [
        "Boundaries",
        "Society"
    ],
    "dct_accessRights_s": "Restricted",
    "dct_creator_sm": [
        "Calaveras County GIS"
    ],
    "dct_description_sm": [
        "This dataset shows the Community Areas for Calaveras County, California. It was downloaded from https://opendata-calaveras-gis.opendata.arcgis.com/datasets/calaveras-county-open-data-address-communities on November 3, 2020 by the University of California Berkeley Library as part of the California Open Data project. The data was reported on the website it was downloaded from to be last updated on June 27, 2018. The Calaveras County GIS Project was started through the cooperative effort of The City of Angels Camp, The Calaveras County Water District, The Calaveras Council of Governments, and the County of Calaveras and is used to distribute the county datasets to the general public."
    ],
    "dct_format_s": "Shapefile",
    "dct_issued_s": "2018-06-27",
    "dct_language_sm": [
        "eng"
    ],
    "dct_publisher_sm": [
        "Calaveras County GIS"
    ],
    "dct_references_s": "{\"http://www.opengis.net/def/serviceType/ogc/wfs\":\"https://geoservices.lib.berkeley.edu/geoserver/wfs\",\"http://www.opengis.net/def/serviceType/ogc/wms\":\"https://geoservices.lib.berkeley.edu/geoserver/wms\",\"http://www.isotc211.org/schemas/2005/gmd/\":\"https://spatial.lib.berkeley.edu/public/berkeley-s76412/iso19139.xml\",\"http://schema.org/downloadUrl\":\"https://spatial.lib.berkeley.edu/public/berkeley-s76412/data.zip\", \"http://lccn.loc.gov/sh85035852\":\"https://spatial.lib.berkeley.edu/UCB/berkeley-s7dq4x/FWS_Approved_Metadata.zip\"}",
    "dct_rights_sm": [
        "This item is in the public domain. There are no restrictions on use."
    ],
    "dct_spatial_sm": [
        "Calaveras County (Calif.)",
        "California"
    ],
    "dct_subject_sm": [
        "Administrative and Political Divisions"
    ],
    "dct_temporal_sm": [
        "2018"
    ],
    "dct_title_s": "Community Areas, Calaveras County, California, 2018",
    "gbl_fileSize_s": "0.26",
    "gbl_indexYear_im": [
        2018
    ],
    "gbl_mdModified_dt": "2023-12-07T00:00:00Z",
    "gbl_mdVersion_s": "Aardvark",
    "gbl_resourceClass_sm": [
        "Datasets"
    ],
    "gbl_resourceType_sm": [
        "Polygon data",
        "Vector data"
    ],
    "gbl_wxsIdentifier_s": "s76412",
    "id": "berkeley-s76412",
    "locn_geometry": "ENVELOPE(-120.99564866418167,-120.01785436599394,38.50988024920846,37.83291102441434)",
    "schema_provider_s": "University of California Berkeley"
}